cancer_type,mean_pearson_r,std,n_patients
LUAD,0.02741088,0.02390286,6
PAAD,0.022745315,0.022796798,4
SKCM,0.00615325,0.028188268,4
READ,0.0044870637,0.0079445,4
